epoch,train_loss,val_loss,lr
1,0.5984032537255969,0.14887437721093497,4e-05
